,raw_dtype,n_missing,pct_missing,n_unique,top_value_share,outlier_fraction_iqr,skewness,min,max
year,int64,0,0.0,5,0.2419767307913835,0.0,0.039461695529088264,1.0,5.0
A1,float64,8,0.01843105632991591,37229,0.005530336198354725,0.10768344660753369,-114.345110383205,-463.89,94.28
A2,float64,8,0.01843105632991591,34732,0.0020508330068898773,0.02472065430249971,56.89703775021946,-430.87,480.96
A3,float64,8,0.01843105632991591,36690,0.0005530336198354725,0.027277963368275544,-81.87625343984931,-479.96,28.336
A4,float64,134,0.3087201935260915,30148,0.00023110166162094704,0.10381292477825135,155.58221814654624,-0.40311,53433.0
A5,float64,89,0.20504550167031446,39667,0.0009927047742173793,0.1427946089160235,-171.7755609778325,-11900000.0,1250100.0
A6,float64,8,0.01843105632991591,23545,0.4133465446920294,0.25796567215758553,-29.366974924528748,-508.41,543.25
A7,float64,8,0.01843105632991591,37084,0.0008756365647394982,0.09706255039741965,18.902517736952497,-517.48,649.23
A8,float64,94,0.21656491187651192,36484,0.00016162175890651335,0.10710747609722382,77.3705785899302,-141.41,53432.0
A9,float64,9,0.020734938371155396,24335,0.0028574062125541525,0.06897822831471029,109.09124110599765,-3.496,9742.3
A10,float64,8,0.01843105632991591,34794,0.0008065073622600641,0.026241216449717775,48.87854993006342,-479.91,1099.5
A11,float64,44,0.1013708098145375,36564,0.000807176956251009,0.08883769151019467,53.49458492109464,-463.89,681.54
A12,float64,134,0.3087201935260915,38476,0.0002542118277830418,0.13141343163230043,54.90650243001231,-6331.8,8259.4
A13,float64,127,0.29259301923741504,35950,0.0006931928462498268,0.09789194793226587,118.00309789797325,-1460.6,13315.0
A14,float64,8,0.01843105632991591,37084,0.0008756365647394982,0.09706255039741965,18.902512670028,-517.48,649.23
A15,float64,36,0.08293975348462158,37480,0.0014757084553482902,0.16786084552470915,15.669358870784846,-9632400.0,10200000.0
A16,float64,95,0.21886879391775138,37539,0.00013853613484183792,0.11968667204239143,57.08581877536438,-6331.8,8259.4
A17,float64,94,0.21656491187651192,28388,0.0002770658724111658,0.10694620435433706,76.89031072835007,-0.41292,53433.0
A18,float64,8,0.01843105632991591,37084,0.0008756365647394982,0.09713166685865683,18.74107296063836,-517.48,649.23
A19,float64,128,0.29489690127865453,37506,0.0008549575987244957,0.11881119686672043,158.56597681707032,-1578.7,9230.5
A20,float64,127,0.29259301923741504,33907,0.047437497111696474,0.056813731136965785,207.91268715779069,-29.34,7809200.0
A21,float64,5854,13.486925469415967,19222,0.0016777183031077734,0.06130630111738279,112.78626056035722,-1325.0,29907.0
A22,float64,8,0.01843105632991591,33462,0.0919879254326336,0.0797143186268863,58.24600513216753,-431.59,681.54
A23,float64,127,0.29259301923741504,37669,0.005522436341790286,0.12954728717889644,161.7763737595816,-1578.7,9230.5
A24,float64,922,2.1241792420228083,36518,0.0018831061836499306,0.07423107936873632,45.7734569635658,-463.89,831.66
A25,float64,8,0.01843105632991591,36280,0.0005760766873286172,0.03460430825941712,61.63626402086064,-500.93,1353.3
A26,float64,95,0.21886879391775138,37372,0.0009235742322789194,0.12148370003455823,58.73718667445867,-6331.8,8262.3
A27,float64,2764,6.367929961985946,34174,0.07307891045988042,0.1913604423453519,71.88191998920531,-259000.0,4210000.0
A28,float64,812,1.8707522174864648,37924,0.0005165167985349705,0.1374035249395231,89.29589358613161,-3829.9,21701.0
A29,float64,8,0.01843105632991591,22870,0.0002304306749314469,0.018707522174864648,-0.07895722323879731,-0.88606,9.6983
A30,float64,127,0.29259301923741504,35736,0.0007625121308748094,0.08683331413431632,164.2572294320376,-6351.7,152860.0
A31,float64,127,0.29259301923741504,37305,0.0007625121308748094,0.11913374035249395,158.94731563144077,-1495.6,9244.3
A32,float64,368,0.8478285911761317,33295,0.0030438924646234637,0.07291786660522981,151.98294382806128,-9295.6,17400000.0
A33,float64,134,0.3087201935260915,34429,0.006794388851655843,0.07483008869945859,154.2551446925697,-19.197,21944.0
A34,float64,94,0.21656491187651192,37528,0.006788113874073561,0.07404676880543716,148.53506307750658,-1696.0,21944.0
A35,float64,8,0.01843105632991591,37101,0.005023388713505542,0.09268517451906462,60.238912340096576,-431.59,626.92
A36,float64,8,0.01843105632991591,28331,0.0017512731294789963,0.05282801520562147,108.84985601995962,-0.00085719,9742.3
A37,float64,18984,43.73689667089045,22046,0.000532328733467098,0.08750143992627578,100.03618679179517,-525.52,398920.0
A38,float64,8,0.01843105632991591,33672,0.0008756365647394982,0.02829167146642092,48.53577726936909,-479.91,1099.5
A39,float64,127,0.29259301923741504,37520,0.004898562780165442,0.10899665937104021,-160.46738362929543,-7522.0,2156.5
A40,float64,134,0.3087201935260915,37637,0.0005777541540523676,0.12332680566754982,99.44321124643913,-101.27,8007.1
A41,float64,754,1.7371270590945744,36470,0.002133595929755457,0.15961294781707178,206.26514264693597,-1234.4,289000.0
A42,float64,127,0.29259301923741504,33981,0.09212532926660197,0.09162538878009446,26.595752381570424,-1395.8,2156.8
A43,float64,127,0.29259301923741504,30073,0.0012246406950413606,0.05374956802211727,203.54665406236472,-116000.0,30393000.0
A44,float64,127,0.29259301923741504,34330,0.002241323536207773,0.05635295472871789,200.25682304187217,-116000.0,22584000.0
A45,float64,2147,4.946434742541181,36811,0.005671627320762034,0.16018891832738164,60.419212389754236,-256230.0,366030.0
A46,float64,135,0.3110240755673309,34047,0.00020799630228795932,0.10549475866835618,155.71709596183356,-101.26,53433.0
A47,float64,297,0.684252966248128,34136,0.04903962141597847,0.06109895173367123,158.5273142770489,-96.11,6080000.0
A48,float64,9,0.020734938371155396,37938,0.01963314591206563,0.1090196981914526,27.12032547991449,-542.56,623.85
A49,float64,127,0.29259301923741504,38210,0.019548038264245112,0.1265983181661099,-184.56487608532166,-9001.0,178.89
A50,float64,94,0.21656491187651192,32442,0.00020779940430837432,0.10374380831701417,143.00392675497653,-0.045239,53433.0
A51,float64,8,0.01843105632991591,33799,0.002972555706615665,0.027807856237760626,82.15048532380081,-0.18661,480.96
A52,float64,301,0.693468494413086,31474,0.003039161098737936,0.07312521598894137,125.3486271632376,-25.467,88433.0
A53,float64,812,1.8707522174864648,33298,0.0001878242903763529,0.13383250777560188,104.94105057954356,-3828.9,180440.0
A54,float64,812,1.8707522174864648,29968,0.00025825839926748526,0.13862458242138004,104.00803306242734,-3828.9,180440.0
A55,float64,1,0.0023038820412394885,38738,0.0005990231315086167,0.16942748531275198,37.89115858268998,-1810000.0,6120000.0
A56,float64,127,0.29259301923741504,37122,0.00822588844216461,0.1162308489805322,-207.99145356294204,-1108300.0,293.15
A57,float64,7,0.01612717428867642,36837,0.011636480943822296,0.1251929501209538,-71.73130865886323,-1667.3,552.64
A58,float64,84,0.19352609146411703,22022,0.0007617552688072759,0.11496371385785048,207.0474684158455,-198.69,1108300.0
A59,float64,7,0.01612717428867642,22266,0.4376008110972856,0.15652574588181084,177.7621605878579,-327.97,23853.0
A60,float64,2152,4.957954152747379,33456,0.0006787385159867162,0.11270590945743578,122.92816233285282,-12.44,4818700.0
A61,float64,102,0.23499596820642782,34016,0.0028173567651201994,0.09058864186153669,176.2116601174693,-12.656,108000.0
A62,float64,127,0.29259301923741504,33728,0.0027958778132076345,0.07137426563759935,148.91513731743115,-2340000.0,25016000.0
A63,float64,134,0.3087201935260915,34330,0.0027269996071271753,0.0783780670429674,163.3725545536043,-1.5432,23454.0
A64,float64,812,1.8707522174864648,35216,0.002066067194139882,0.12920170487271052,85.10383331903726,-10677.0,294770.0
