,coefficient
A63,-0.5996042102901716
A38,-0.5500500786516985
A33,0.4608191704089228
A48,0.45267462201658815
A46,-0.4445441427742493
A1,-0.3942618357041618
A4,0.38811058267307325
A36,0.3669873971440238
A42,-0.32254495121354293
A49,0.31571755429782755
A9,-0.30411698027260664
A8,-0.29253197201454445
A34,0.26474162262977113
A51,-0.26238622344681783
A17,0.2417291705420691
A26,0.22575144965159127
A32,0.18599754306382518
A39,-0.18168603647473552
A43,-0.1781277289353707
A62,0.16883389497296564
A35,-0.16444040854830103
A16,-0.15897733738272568
A52,-0.1541679210956145
A58,-0.14504210850221977
year,0.11793200281543488
A20,0.1039153244937094
A31,0.0982398317374482
A22,-0.09740246114010141
A6,-0.0854551773782477
A12,-0.08162811781195316
A24,-0.07138490356853551
A40,0.06906016303246425
A19,-0.06358667468621325
A25,0.05828248975910665
A7,0.057759490877937116
A14,0.057421480991131514
A41,-0.0552913998036011
A18,0.053212400114859726
A29,0.052220624448368086
A21,-0.048077797727856246
A2,0.04368697130951378
A28,0.042695246384456466
A3,0.042506675540530794
A59,0.04236925085504894
A13,-0.039961053773241245
A47,-0.036234207844012864
A15,0.03532677157399128
A64,-0.03114670052916714
A61,0.02948756968788522
A44,0.027983305028146867
A54,-0.025987536467396745
A53,0.02146426746423059
A10,0.019200145368036457
A45,-0.01807187581731651
A11,-0.01717965138393659
A5,0.0158476788239506
A57,-0.01549079058987373
A27,-0.013312867211347222
A50,-0.0130054960018046
A37,-0.010441460808980708
A55,-0.009953929003575477
A23,-0.006243150743852973
A30,-0.004824744785070132
A60,0.0019465619160381987
A56,0.0007510715153699162
