,importance_mean,importance_std
A27,0.5256457714819314,0.008332705063016203
A46,0.22766368012609833,0.003732927566408225
A34,0.1509095482531012,0.00923129146793562
A58,0.14846246308112696,0.005713240852165333
A5,0.12367075304166315,0.007058367983858133
year,0.08689914598900375,0.006889051382876051
A21,0.07787272587098845,0.004076916307120667
A56,0.041139262248662156,0.0024526558655417483
A24,0.03562365586417553,0.0036514067535090137
A9,0.034460682199291416,0.0017002685141246253
A36,0.02843609270327254,0.0036621759117558793
A33,0.028174749891520467,0.0034948423145144862
A39,0.026802366351956743,0.0034056256354187075
A29,0.01785074769688626,0.0014377865269994937
A32,0.014320322841293387,0.004197921817575033
A6,0.012542769471300508,0.0007105543926339111
A19,0.011015871091656781,0.002693121274172131
A60,0.010600227183622569,0.0007269592738763008
A40,0.010060313683312772,0.0020130305581842244
A61,0.009927628568303115,0.0013646354278129742
A47,0.00891556488056926,0.0018934299827309351
A22,0.008806368238647711,0.000390441017947813
A13,0.005289265414396116,0.0035878929190722073
A38,0.0050718415376925785,0.0019279811864223067
A25,0.00493924516809674,0.0025597785791119506
A4,0.004884660388403894,0.001529230653073937
A42,0.00481315678763079,0.0012973798408603813
A20,0.004271473539810722,0.0006599857319318817
A44,0.0036819316173380525,0.0005499758546725161
A30,0.003624966890250869,0.0009398162222394099
A11,0.00288229804959117,0.0014732643964620053
A26,0.0027793233351255165,0.0024617528102418994
A3,0.0025961738225139365,0.0009140099130335399
A51,0.0024452775506638826,0.0002142127132352955
A64,0.00199097689829546,0.001294384730782724
A48,0.0015432201068415808,0.0008522071811482665
A37,0.0013494771824365426,0.002538843445525263
A18,0.0012644602021180784,0.0009666780049570968
A28,0.0012019344357671047,0.0003772447540014461
A49,0.0010679093880211488,0.0008592909628924713
A52,0.0010480742864817482,0.001133374776076662
A54,0.000997619179998277,0.0005183778157844824
A16,0.000541919113503675,0.0005594329425257725
A7,0.0004572694400712063,0.0005983979561458381
A10,0.0003981596689792699,0.0010753219855420039
A31,0.0003002833363067392,0.000812476413445878
A57,1.538263883715807e-05,0.00022424240801061188
A14,0.0,0.0
A62,-1.181329298025613e-05,0.0009525231843406931
A55,-0.00015358169911845466,0.0008331331802701942
A17,-0.00016526713637430302,0.0003292898997567082
A1,-0.00030760213877731866,0.0009195945966477007
A12,-0.0004588755416803147,0.0003552942967932358
A43,-0.0004822317736703274,0.00039906015299481833
A8,-0.0005931419198813792,0.0002913644290938266
A2,-0.0006351531027934731,0.0003148373878813279
A63,-0.0009326476014984042,0.0008349149415280949
A35,-0.0010947321925674602,0.002668286940843674
A15,-0.0011032682195320832,0.00036541422864526624
A50,-0.001145338972245491,0.0011710803412494067
A23,-0.0013414968088202306,0.0004845251497906693
A53,-0.0013552470654954573,0.0011196841728029379
A59,-0.0017049768103744923,0.00044016669642980903
A45,-0.001751880359826119,0.000656260106656418
A41,-0.002160162288766321,0.0014434610778401432
