,importance
A27,0.08875168068848524
A24,0.057496174903960674
A46,0.03968614144954206
A34,0.035220487776838755
A26,0.03347460011373376
A16,0.02521522061049243
A39,0.024674934115077707
A35,0.02308774817036958
A6,0.022980157191969823
A58,0.022351886487764226
A12,0.02208291967859772
A41,0.02058694798213156
A5,0.02048304174232594
A13,0.0188467591292466
A38,0.018679777600055236
A29,0.01707070469346375
A9,0.016986386098014786
A25,0.016419056346242484
A56,0.01584637869498946
A22,0.014978181076066749
A42,0.014696458836470663
A18,0.013208608276156126
A23,0.013068478177409899
A51,0.012794033507507272
A55,0.012288421531859682
A61,0.012258322564861868
A1,0.011820494490528063
A48,0.011737954296916445
A44,0.011657517161313042
A7,0.011615368606600904
A19,0.0113034453969222
A10,0.01118364526751902
A14,0.011162447212458387
A45,0.011114628998270053
A20,0.011038517156139249
A21,0.010961615407777516
A31,0.010934066068889517
A40,0.010865682941596441
A15,0.010864775854757938
A47,0.01085375823103915
A49,0.010832310344194195
A60,0.010672842831528393
A8,0.009950104975930952
A11,0.009902110217742885
A2,0.009836548873030551
A17,0.009544655102338498
A36,0.009412470020670319
A3,0.009122333602521904
A54,0.009092695502713185
A64,0.009077844561266743
A57,0.008483942202360673
A43,0.008462858416470365
A4,0.008203118650359695
A50,0.008078189089601518
A28,0.00794763220850861
A37,0.007916218569635133
A30,0.007885866830870404
A32,0.00745787073969221
A53,0.007457101664135336
A33,0.007449380198319256
A63,0.0074153268775660865
A62,0.007157561650352759
A52,0.006709479598420938
A59,0.0058526582709059975
year,0.005731454466501497
