,count,mean,std,min,25%,50%,75%,max,median,skew
year,43004.0,2.9404008929401915,1.283303394367576,1.0,2.0,3.0,4.0,5.0,3.0,0.038936934140681376
A1,42996.0,0.04077962428946879,2.7408977164217356,-463.89,0.003385875,0.0496615,0.12973,94.28,0.0496615,-131.29210747890548
A2,42996.0,0.5918722634128756,5.869842181801856,-430.87,0.26990749999999997,0.47237,0.68909,480.96,0.47237,56.63530657731003
A3,42996.0,0.11366600108079823,5.464662434271213,-479.96,0.02153925,0.19683,0.40365,28.336,0.19683,-81.49998922111838
A4,42871.0,6.344234868195284,296.8088552598296,-0.40311,1.0494,1.5697,2.78545,53433.0,1.5697,154.86221172971423
A5,42915.0,-386.1903466958662,61510.53894904379,-11900000.0,-49.111999999999995,-0.91733,50.7535,1250100.0,-0.91733,-171.002041604318
A6,42996.0,-0.05760239382728627,7.234775842902053,-508.41,0.0,0.0,0.087708,543.25,0.0,-29.231034543371113
A7,42996.0,0.097948214259466,5.666259136471478,-517.48,0.0057402500000000006,0.0596015,0.15108,649.23,0.0596015,20.425422902623655
A8,42911.0,12.03006470767472,487.7113792763529,-141.41,0.42874,1.0673,2.6029,53432.0,1.0673,81.93709652792604
A9,42995.0,2.574873595848587,60.40252035917029,-3.496,1.0189,1.1986,2.06965,9742.3,1.1986,118.40346913244419
A10,42996.0,0.604873557483952,13.971988317977022,-479.91,0.2945675,0.5052749999999999,0.70812,1099.5,0.5052749999999999,49.26212244752724
A11,42960.0,0.13580130734217877,5.252389144123948,-463.89,0.01543075,0.075393,0.167045,681.54,0.075393,56.78078237966514
A12,42871.0,1.1284430996214225,67.87836236785343,-6331.8,0.014936,0.17206,0.586165,8259.4,0.17206,54.71197187113277
A13,42879.0,0.8120945751153247,87.34607185838782,-1460.6,0.0237325,0.068345,0.13461,13315.0,0.068345,117.46413903521098
A14,42996.0,0.09795918558493813,5.66625906212221,-517.48,0.005757675,0.0596415,0.15108749999999999,649.23,0.0596415,20.425417898213407
A15,42968.0,1997.8269741031,96787.59089952908,-9632400.0,222.135,846.2,2228.925,10200000.0,846.2,15.599950008071385
A16,42910.0,1.4072774195033793,68.81144979850522,-6331.8,0.073087,0.245345,0.6633525,8259.4,0.245345,56.884832312306244
A17,42911.0,13.1920562697341,489.19921693808624,-0.41292,1.44965,2.1133,3.6868999999999996,53433.0,2.1133,81.38192093656913
A18,42996.0,0.10308278473369617,5.691258277448336,-517.48,0.005757675,0.0596415,0.1511325,649.23,0.0596415,20.2405745487809
A19,42878.0,0.15314477424343487,48.91537199772902,-1578.7,0.00383395,0.0358035,0.0907685,9230.5,0.0358035,157.86062965922798
A20,42879.0,244.71923710278836,37719.45110218509,-29.34,15.322,35.109,63.686,7809200.0,35.109,206.95209028624834
A21,37168.0,3.9138320179084167,229.84392631233553,-1325.0,0.9079925,1.0453,1.2044,29907.0,1.0453,112.20954580689822
A22,42996.0,0.1192003126209415,5.072972733375134,-431.59,0.0,0.062264,0.150095,681.54,0.062264,63.53056525936345
A23,42879.0,0.13556818246484292,48.556819318433966,-1578.7,0.00222875,0.029858,0.0778285,9230.5,0.029858,161.05409568364573
A24,42082.0,0.2747084594085357,7.972386695164653,-463.89,0.021102000000000003,0.15496,0.355595,831.66,0.15496,46.80334201171613
A25,42996.0,0.3604890841089869,11.187753464674348,-500.93,0.1488175,0.38331499999999996,0.609445,1353.3,0.38331499999999996,54.05647994665847
A26,42910.0,1.2592655620897226,66.50396005911765,-6331.8,0.066402,0.22137,0.597625,8262.3,0.22137,58.53496095295479
A27,40254.0,1117.5722305900756,35182.375060807324,-259000.0,0.04480175,1.0884,5.179425,4210000.0,1.0884,71.54014087456818
A28,42200.0,6.067908588568247,154.09831212268438,-3829.9,0.03823775,0.466815,1.502,21701.0,0.466815,89.0328888827965
A29,42996.0,3.9993078161842956,0.8254691838310257,-0.88606,3.490575,4.0077,4.51365,9.6983,4.0077,-0.07469097485979047
A30,42879.0,7.425453856450711,818.2685306764222,-6351.7,0.0825375,0.21723,0.40851,152860.0,0.21723,163.49957070045062
A31,42879.0,0.17384565312600575,48.97188828177564,-1495.6,0.006932249999999999,0.043063,0.10141,9244.3,0.043063,158.24020664606414
A32,42638.0,1067.1368281217906,93925.54382809842,-9295.6,46.3365,78.2515,128.0,17400000.0,78.2515,160.24411487118965
A33,42871.0,8.66476048224884,119.54327733115346,-19.197,2.82145,4.6292,7.81625,21944.0,4.6292,153.5465632377016
A34,42911.0,5.443232385592039,121.53691118939459,-1696.0,0.308605,1.9766,4.569100000000001,21944.0,1.9766,147.84955893303132
A35,42996.0,0.11203522626019397,4.805574159301165,-431.59,0.005964,0.060525,0.15005,626.92,0.060525,59.96282935102474
A36,42996.0,2.8342619070990325,60.4572070041843,-0.00085719,1.1045500000000001,1.6479499999999998,2.426825,9742.3,1.6479499999999998,118.1141394186509
A37,24168.0,102.52297755176266,3030.9627991514585,-525.52,1.138425,3.08685,11.4115,398920.0,3.08685,103.06779673775239
A38,42996.0,0.7026268607672806,14.055501267058565,-479.91,0.419445,0.611685,0.7712775000000001,1099.5,0.611685,48.899145263646005
A39,42879.0,-0.2934384019752093,39.43829746235161,-7522.0,0.00407085,0.036738,0.09149199999999999,2156.5,0.036738,-159.72920307144167
A40,42871.0,2.155183813480675,56.28876970066948,-101.27,0.052598,0.17657,0.651825,8007.1,0.17657,98.99209564838438
A41,42250.0,7.794911450260121,1406.5785804908203,-1234.4,0.02666675,0.0856295,0.2056625,289000.0,0.0856295,205.29321753321852
A42,42879.0,-0.14541007252711116,16.064533364552425,-1395.8,0.0,0.037957,0.09206349999999999,2156.8,0.037957,26.476694492318344
A43,42879.0,1082.3030938415914,147901.58126512312,-116000.0,66.42949999999999,99.264,140.64499999999998,30393000.0,99.264,202.60625231373422
A44,42879.0,837.5689069220269,110560.97240063203,-116000.0,34.817499999999995,54.666,80.41550000000001,22584000.0,54.666,199.33166761289317
A45,40871.0,14.68751361363485,2439.056449362059,-256230.0,0.018936,0.28268,0.953985,366030.0,0.28268,60.173242170641
A46,42870.0,5.457258129763471,296.7303665896358,-101.26,0.6064475,1.0268,1.9104,53433.0,1.0268,154.99635254910353
A47,42708.0,360.15864526943614,33282.74410731752,-96.11,16.13475,38.075,70.303,6080000.0,38.075,157.79067941009117
A48,42995.0,0.0335534318640656,5.0114373294056165,-542.56,-0.038303500000000004,0.018519,0.10747,623.85,0.018519,30.72841737289156
A49,42879.0,-0.4882473875169967,45.36149730106205,-9001.0,-0.02657,0.011014,0.062202,178.89,0.011014,-183.71509922447527
A50,42911.0,5.864537785437999,308.8114522851308,-0.045239,0.77461,1.2221,2.20485,53433.0,1.2221,142.34262472599644
A51,42996.0,0.4849574898725463,5.4635878758007435,-0.18661,0.190525,0.3416,0.5352325,480.96,0.3416,81.7724998215991
A52,42704.0,6.524270794143876,642.8744153874094,-25.467,0.12675750000000002,0.21397,0.35002,88433.0,0.21397,124.76722238071692
A53,42200.0,23.893168675058295,1219.240653318943,-3828.9,0.68547,1.2062,2.22785,180440.0,1.2062,104.5049242323291
A54,42200.0,24.78199371315545,1226.3607392490485,-3828.9,0.95633,1.378,2.37585,180440.0,1.378,103.57521319009795
A55,43003.0,7603.009810110458,70154.66459865599,-1810000.0,28.509999999999998,1079.4,4928.7,6120000.0,1079.4,38.05777254590982
A56,42879.0,-26.464260475406146,5352.593523772469,-1108300.0,0.009234,0.05287,0.1288,293.15,0.05287,-207.03044854341286
A57,42997.0,-0.01000510194571714,13.735314544030514,-1667.3,0.01476,0.12004,0.28544,552.64,0.12004,-71.43529926989098
A58,42922.0,30.296920812882714,5359.1903976493095,-198.69,0.87558,0.951055,0.99269,1108300.0,0.951055,206.09177714895745
A59,42997.0,1.3379949406626044,122.67082974422765,-327.97,0.0,0.0061545,0.23644,23853.0,0.0061545,176.94624210426255
A60,40866.0,452.191496582242,32497.9511817027,-12.44,5.5468,9.79665,20.25975,4818700.0,9.79665,122.35017707095757
A61,42903.0,17.11419768368273,555.6177940964137,-12.656,4.51665,6.6472,10.4265,108000.0,6.6472,175.39915828013733
A62,42879.0,1509.6285924018753,139945.2948693899,-2340000.0,42.081,71.25,117.095,25016000.0,71.25,148.23859313585064
A63,42871.0,9.367905350533926,124.75172056885162,-1.5432,3.0995,5.0914,8.612,23454.0,5.0914,162.62922547718227
A64,42200.0,72.65920236475829,2378.347342144814,-10677.0,2.18445,4.30735,9.830275,294770.0,4.30735,84.95443561107034
