,,spearman_rho
A14,A18,0.9999323559316133
A7,A14,0.9998940678157054
A20,A60,-0.9997046811339403
A7,A18,0.999670285933652
A2,A17,-0.9995151238328522
A62,A63,-0.9988786226313441
A44,A61,-0.9987446101623948
A32,A52,0.9985151234514607
A33,A52,-0.9981142439940016
A32,A33,-0.9965775664440006
A8,A17,0.995075969420597
A2,A8,-0.9949718298842762
A16,A26,0.9934286228292512
A8,A10,0.9927635547040277
A1,A7,0.9873948359267128
A1,A14,0.9873012674824044
A1,A18,0.987086387036295
A19,A23,0.9870849068073486
A2,A10,-0.9816654753249782
A10,A17,0.9815320129000117
A19,A31,0.978449404148461
A28,A54,0.9741574427486613
A20,A47,0.9707932141372654
A23,A31,0.9700172706825589
A7,A11,0.968274231399202
A11,A14,0.9681530002331559
A11,A18,0.9679180928039041
A47,A60,-0.9647674036198599
A32,A62,0.9601453611539118
A48,A49,0.9600815120509723
